{"cameraMode":{"drawMode":0,"name":"Shaded","section":"Shading Mode"},"sceneLighting":false,"audioPlay":false,"sceneViewState":{"m_AlwaysRefresh":false,"showFog":true,"showSkybox":false,"showFlares":true,"showImageEffects":true,"showParticleSystems":true,"showVisualEffectGraphs":true,"m_FxEnabled":true},"in2DMode":false,"pivot":{"x":3.725290298461914e-9,"y":0.12099999934434891,"z":-0.20000001788139344},"rotation":{"x":0.387241929769516,"y":-0.112418994307518,"z":0.04764065518975258,"w":0.9138720631599426},"size":0.07794520258903504,"orthographic":false}