{"cameraMode":{"drawMode":0,"name":"Shaded","section":"Shading Mode"},"sceneLighting":true,"audioPlay":false,"sceneViewState":{"m_AlwaysRefresh":false,"showFog":true,"showSkybox":true,"showFlares":true,"showImageEffects":true,"showParticleSystems":true,"showVisualEffectGraphs":true,"m_FxEnabled":true},"in2DMode":false,"pivot":{"x":6.803648948669434,"y":-1.693695068359375,"z":-0.7523422241210938},"rotation":{"x":0.29508069157600405,"y":-0.05271194875240326,"z":0.016303112730383874,"w":0.9539119005203247},"size":23.771448135375978,"orthographic":false}